<archive xmlns="http://rs.tdwg.org/dwc/text/">
  <core encoding="utf-8" fieldsTerminatedBy="\t" linesTerminatedBy="\n" fieldsEnclosedBy="" ignoreHeaderLines="1" rowType="http://rs.tdwg.org/dwc/terms/Occurrence">
    <files>
      <location>occurrence.txt</location>
    </files>
    <id index="0" />
    <field index="1" term="http://rs.tdwg.org/dwc/terms/acceptedNameUsage"/>
    <field index="2" term="http://rs.tdwg.org/dwc/terms/associatedMedia"/>
    <field index="3" term="http://rs.tdwg.org/dwc/terms/associatedOccurrences"/>
    <field index="4" term="http://rs.tdwg.org/dwc/terms/associatedReferences"/>
    <field index="5" term="http://rs.tdwg.org/dwc/terms/associatedSequences"/>
    <field index="6" term="http://rs.tdwg.org/dwc/terms/associatedTaxa"/>
    <field index="7" term="http://rs.tdwg.org/dwc/terms/basisOfRecord"/>
    <field index="8" term="http://rs.tdwg.org/dwc/terms/behavior"/>
    <field index="9" term="http://purl.org/dc/terms/bibliographicCitation"/>
    <field index="10" term="http://rs.tdwg.org/dwc/terms/catalogNumber"/>
    <field index="11" term="http://rs.tdwg.org/dwc/terms/class"/>
    <field index="12" term="http://rs.tdwg.org/dwc/terms/collectionCode"/>
    <field index="13" term="http://rs.tdwg.org/dwc/terms/collectionID"/>
    <field index="14" term="http://rs.tdwg.org/dwc/terms/continent"/>
    <field index="15" term="http://rs.tdwg.org/dwc/terms/coordinateUncertaintyInMeters"/>
    <field index="16" term="http://rs.tdwg.org/dwc/terms/country"/>
    <field index="17" term="http://rs.tdwg.org/dwc/terms/countryCode"/>
    <field index="18" term="http://rs.tdwg.org/dwc/terms/county"/>
    <field index="19" term="http://rs.tdwg.org/dwc/terms/datasetID"/>
    <field index="20" term="http://rs.tdwg.org/dwc/terms/datasetName"/>
    <field index="21" term="http://rs.tdwg.org/dwc/terms/dateIdentified"/>
    <field index="22" term="http://rs.tdwg.org/dwc/terms/decimalLatitude"/>
    <field index="23" term="http://rs.tdwg.org/dwc/terms/decimalLongitude"/>
    <field index="24" term="http://rs.tdwg.org/dwc/terms/disposition"/>
    <field index="25" term="http://rs.tdwg.org/dwc/terms/dynamicProperties"/>
    <field index="26" term="http://rs.tdwg.org/dwc/terms/establishmentMeans"/>
    <field index="27" term="http://rs.tdwg.org/dwc/terms/eventDate"/>
    <field index="28" term="http://rs.tdwg.org/dwc/terms/eventRemarks"/>
    <field index="29" term="http://rs.tdwg.org/dwc/terms/eventTime"/>
    <field index="30" term="http://rs.tdwg.org/dwc/terms/family"/>
    <field index="31" term="http://rs.tdwg.org/dwc/terms/fieldNotes"/>
    <field index="32" term="http://rs.tdwg.org/dwc/terms/footprintWKT"/>
    <field index="33" term="http://rs.tdwg.org/dwc/terms/genus"/>
    <field index="34" term="http://rs.tdwg.org/dwc/terms/geodeticDatum"/>
    <field index="35" term="http://rs.tdwg.org/dwc/terms/georeferencedBy"/>
    <field index="36" term="http://rs.tdwg.org/dwc/terms/georeferencedDate"/>
    <field index="37" term="http://rs.tdwg.org/dwc/terms/georeferenceProtocol"/>
    <field index="38" term="http://rs.tdwg.org/dwc/terms/georeferenceRemarks"/>
    <field index="39" term="http://rs.tdwg.org/dwc/terms/georeferenceSources"/>
    <field index="40" term="http://rs.tdwg.org/dwc/terms/georeferenceVerificationStatus"/>
    <field index="41" term="http://rs.tdwg.org/dwc/terms/habitat"/>
    <field index="42" term="http://rs.tdwg.org/dwc/terms/higherClassification"/>
    <field index="43" term="http://rs.tdwg.org/dwc/terms/higherGeography"/>
    <field index="44" term="http://rs.tdwg.org/dwc/terms/identificationQualifier"/>
    <field index="45" term="http://rs.tdwg.org/dwc/terms/identificationReferences"/>
    <field index="46" term="http://rs.tdwg.org/dwc/terms/identificationRemarks"/>
    <field index="47" term="http://rs.tdwg.org/dwc/terms/identifiedBy"/>
    <field index="48" term="http://rs.tdwg.org/dwc/terms/individualCount"/>
    <field index="49" term="http://rs.tdwg.org/dwc/terms/infraspecificEpithet"/>
    <field index="50" term="http://rs.tdwg.org/dwc/terms/institutionCode"/>
    <field index="51" term="http://rs.tdwg.org/dwc/terms/islandGroup"/>
    <field index="52" term="http://rs.tdwg.org/dwc/terms/kingdom"/>
    <field index="53" term="http://purl.org/dc/terms/language"/>
    <field index="54" term="http://rs.tdwg.org/dwc/terms/lifeStage"/>
    <field index="55" term="http://rs.tdwg.org/dwc/terms/locality"/>
    <field index="56" term="http://rs.tdwg.org/dwc/terms/locationAccordingTo"/>
    <field index="57" term="http://rs.tdwg.org/dwc/terms/locationRemarks"/>
    <field index="58" term="http://rs.tdwg.org/dwc/terms/maximumElevationInMeters"/>
    <field index="59" term="http://rs.tdwg.org/dwc/terms/minimumElevationInMeters"/>
    <field index="60" term="http://purl.org/dc/terms/modified"/>
    <field index="61" term="http://rs.tdwg.org/dwc/terms/municipality"/>
    <field index="62" term="http://rs.tdwg.org/dwc/terms/nomenclaturalCode"/>
    <field index="63" term="http://rs.tdwg.org/dwc/terms/occurrenceRemarks"/>
    <field index="64" term="http://rs.tdwg.org/dwc/terms/order"/>
    <field index="65" term="http://rs.tdwg.org/dwc/terms/otherCatalogNumbers"/>
    <field index="66" term="http://rs.tdwg.org/dwc/terms/ownerInstitutionCode"/>
    <field index="67" term="http://rs.tdwg.org/dwc/terms/phylum"/>
    <field index="68" term="http://rs.tdwg.org/dwc/terms/preparations"/>
    <field index="69" term="http://rs.tdwg.org/dwc/terms/previousIdentifications"/>
    <field index="70" term="http://rs.tdwg.org/dwc/terms/recordedBy"/>
    <field index="71" term="http://rs.tdwg.org/dwc/terms/recordNumber"/>
    <field index="72" term="http://purl.org/dc/terms/references"/>
    <field index="73" term="http://rs.tdwg.org/dwc/terms/reproductiveCondition"/>
    <field index="74" term="http://purl.org/dc/terms/rights"/>
    <field index="75" term="http://purl.org/dc/terms/rightsHolder"/>
    <field index="76" term="http://rs.tdwg.org/dwc/terms/samplingProtocol"/>
    <field index="77" term="http://rs.tdwg.org/dwc/terms/scientificName"/>
    <field index="78" term="http://rs.tdwg.org/dwc/terms/scientificNameAuthorship"/>
    <field index="79" term="http://rs.tdwg.org/dwc/terms/sex"/>
    <field index="80" term="http://rs.tdwg.org/dwc/terms/specificEpithet"/>
    <field index="81" term="http://rs.tdwg.org/dwc/terms/stateProvince"/>
    <field index="82" term="http://rs.tdwg.org/dwc/terms/subgenus"/>
    <field index="83" term="http://rs.tdwg.org/dwc/terms/taxonRank"/>
    <field index="84" term="http://rs.tdwg.org/dwc/terms/taxonRemarks"/>
    <field index="85" term="http://purl.org/dc/terms/type"/>
    <field index="86" term="http://rs.tdwg.org/dwc/terms/typeStatus"/>
    <field index="87" term="http://rs.tdwg.org/dwc/terms/verbatimCoordinates"/>
    <field index="88" term="http://rs.tdwg.org/dwc/terms/verbatimCoordinateSystem"/>
    <field index="89" term="http://rs.tdwg.org/dwc/terms/verbatimDepth"/>
    <field index="90" term="http://rs.tdwg.org/dwc/terms/verbatimElevation"/>
    <field index="91" term="http://rs.tdwg.org/dwc/terms/verbatimEventDate"/>
    <field index="92" term="http://rs.tdwg.org/dwc/terms/verbatimLatitude"/>
    <field index="93" term="http://rs.tdwg.org/dwc/terms/verbatimLocality"/>
    <field index="94" term="http://rs.tdwg.org/dwc/terms/verbatimLongitude"/>
    <field index="95" term="http://rs.tdwg.org/dwc/terms/verbatimSRS"/>
    <field index="96" term="http://rs.tdwg.org/dwc/terms/vernacularName"/>
    <field index="97" term="http://rs.tdwg.org/dwc/terms/waterBody"/>
    <field index="98" term="http://rs.tdwg.org/dwc/terms/year"/>
  </core>
</archive>
